"","Car Make","Car Model","Year","Engine Size (L)","Horsepower","Torque (lb-ft)","0-60 MPH Time (seconds)","Price (in USD)"
"0","Porsche","911","2022","3","379","331","4","101200"
"1","Lamborghini","Huracan","2021","5.2","630","443","2.8","274390"
"2","Ferrari","488 GTB","2022","3.9","661","561","3","333750"
"3","Audi","R8","2022","5.2","562","406","3.2","142700"
"4","McLaren","720S","2021","4","710","568","2.7","298000"
"5","BMW","M8","2022","4.4","617","553","3.1","130000"
"6","Mercedes-Benz","AMG GT","2021","4","523","494","3.8","118500"
"7","Chevrolet","Corvette","2021","6.2","490","465","2.8","59900"
"8","Ford","Mustang Shelby GT500","2022","5.2","760","625","3.5","81000"
"9","Nissan","GT-R Nismo","2021","3.8","600","481","2.5","212000"
"10","Aston Martin","DB11","2021","5.2","630","516","3.5","201495"
"11","Bugatti","Chiron","2021","8","1500","1180","2.4","3000000"
"12","Dodge","Challenger SRT Hellcat","2022","6.2","717","656","3.5","61000"
"13","Jaguar","F-Type","2022","3","296","295","5.4","70100"
"14","Koenigsegg","Jesko","2021","5","1280","1015","2.5","2800000"
"15","Lexus","LC 500","2021","5","471","398","4.4","92950"
"16","Lotus","Evora GT","2021","3.5","416","317","3.8","104450"
"17","Maserati","GranTurismo","2021","4.7","454","384","4.8","150000"
"18","Porsche","Boxster","2021","2","300","280","4.7","62000"
"19","Alfa Romeo","Giulia Quadrifoglio","2022","2.9","505","443","3.8","78000"
"20","Ariel","Atom","2021","2","320","243","2.8","75000"
"21","Bentley","Continental GT","2021","6","626","664","3.6","225000"
"22","McLaren","Artura","2022","3","671","531","3","225000"
"23","Mercedes-AMG","SLS AMG","2021","6.2","622","468","3.5","248000"
"24","Pagani","Huayra","2021","6","720","737","2.8","2800000"
"25","Polestar","1","2021","2","600","738","4.1","155000"
"26","Rimac","Nevera","2022","Electric","1914","1696","1.85","2400000"
"27","Porsche","Cayman GT4","2022","4","414","309","3.8","100200"
"28","Lamborghini","Aventador SVJ","2021","6.5","759","531","2.8","517770"
"29","Ferrari","SF90 Stradale","2021","4","986","590","2.5","625000"
"30","Audi","RS7","2022","4","591","590","3.5","117000"
"31","McLaren","Artura","2021","3","671","531","3","225000"
"32","BMW","M4","2022","3","503","479","3.8","72800"
"33","Mercedes-Benz","SLS AMG","2015","6.2","622","468","3.2","222000"
"34","Chevrolet","Camaro ZL1","2021","6.2","650","650","3.5","64695"
"35","Ford","GT","2022","3.5","660","550","3","500000"
"36","Nissan","370Z Nismo","2021","3.7","350","276","4.5","45690"
"37","Porsche","Taycan 4S","2022","Electric Motor","562","479","3.8","104000"
"38","Lamborghini","Urus","2021","4","641","626","3.5","218000"
"39","Ferrari","Roma","2021","3.9","611","561","3.3","222000"
"40","Audi","RS3","2022","2.5","394","369","3.9","57000"
"41","McLaren","GT","2021","4","612","465","3.1","210000"
"42","BMW","i8","2020","1.5 + Electric","369","420","4.2","148500"
"43","Mercedes-Benz","CLS63 AMG","2019","4","603","627","3.4","132000"
"44","Porsche","Cayman","2021","2","300","280","5.1","58900"
"45","Lamborghini","Aventador SVJ","2021","6.5","759","531","2.8","518000"
"46","Ferrari","SF90 Stradale","2021","4","986","590","2.5","625000"
"47","Audi","RS3","2022","2.5","394","369","3.9","56200"
"48","McLaren","570S","2021","3.8","562","443","2.8","192500"
"49","BMW","M4","2022","3","503","479","3.8","71800"
"50","Mercedes-Benz","AMG C63","2021","4","503","516","3.8","68000"
"51","Chevrolet","Camaro SS","2021","6.2","455","455","4.1","42500"
"52","Ford","Mustang GT","2022","5","460","420","4.3","39000"
"53","Nissan","370Z Nismo","2021","3.7","350","276","4.8","46100"
"54","Aston Martin","Vantage","2021","4","503","505","3.5","142100"
"55","Lotus","Evora GT","2021","3.5","416","317","3.8","105000"
"56","Porsche","Panamera","2021","2.9","325","331","5.1","87200"
"57","Lamborghini","Urus","2021","4","641","627","3.2","218000"
"58","Ferrari","Roma","2021","3.9","612","560","3.4","222000"
"59","Audi","S5","2022","3","349","369","4.4","52500"
"60","McLaren","600LT","2021","3.8","592","457","2.8","241000"
"61","BMW","M5","2022","4.4","600","553","3.2","103500"
"62","Aston Martin","Vantage","2022","4","503","505","3.5","146000"
"63","Audi","RS5","2021","2.9","444","443","3.6","75400"
"64","BMW","M2","2022","3","405","406","4","58900"
"65","Chevrolet","Camaro SS","2021","6.2","455","455","4","42900"
"66","Dodge","Challenger SRT Hellcat Redeye","2022","6.2","797","707","3.4","78595"
"67","Ford","GT","2021","3.5","660","550","3","500000"
"68","Jaguar","F-Type","2022","2","296","295","5.4","62750"
"69","Lamborghini","Aventador","2021","6.5","770","531","2.9","417826"
"70","Maserati","GranTurismo","2021","4.7","454","384","4.7","150980"
"71","McLaren","Artura","2022","3","671","531","3","225000"
"72","Mercedes-Benz","C63 AMG","2021","4","503","516","3.8","70100"
"73","Nissan","370Z","2021","3.7","332","270","5","30090"
"74","Porsche","Panamera","2022","2.9","325","331","5.3","88700"
"75","Audi","TT RS","2021","2.5","394","354","3.6","67600"
"76","BMW","M4","2022","3","473","406","4.1","72800"
"77","Chevrolet","Corvette Stingray","2021","6.2","490","465","2.8","59900"
"78","Ferrari","F8 Tributo","2021","3.9","710","568","2.8","274280"
"79","Ford","Mustang Mach 1","2021","5","480","420","4.3","52915"
"80","Lamborghini","Urus","2021","4","641","627","3.6","218009"
"81","Porsche","718 Cayman","2022","2","300","280","4.5","61000"
"82","Acura","NSX","2022","3.5","573","476","2.9","159495"
"83","Aston Martin","Vantage","2022","4","503","505","3.5","142086"
"84","Bentley","Continental GT","2021","6","626","664","3.3","219800"
"85","Bugatti","Chiron","2022","8","1500","1180","2.4","3000000"
"86","Dodge","Challenger SRT Hellcat Redeye","2022","6.2","797","707","3.4","74290"
"87","Jaguar","F-Type","2022","3","380","339","4.9","71900"
"88","Koenigsegg","Jesko","2022","5","1600","1106","2.5","3000000"
"89","Lexus","LC 500","2022","5","471","398","4.4","92950"
"90","Lotus","Evora GT","2021","3.5","416","317","3.8","105000"
"91","Maserati","GranTurismo","2022","4.7","454","384","4.7","134300"
"92","Mazda","MX-5 Miata","2021","2","181","151","6.5","26830"
"93","McLaren","GT","2022","4","620","465","3.1","213195"
"94","Mercedes-Benz","SLS AMG","2015","6.2","622","468","3.7","221580"
"95","Pagani","Huayra","2022","6","764","738","2.8","2800000"
"96","Porsche","718 Cayman GT4","2022","4","414","309","4.2","100550"
"97","Rimac","Nevera","2022","Electric","1914","1696","1.95","2400000"
"98","Rolls-Royce","Wraith","2021","6.8","624","605","4.4","330000"
"99","Tesla","Roadster","2022","Electric","1000","737","1.9","200000"
"100","Toyota","Supra","2022","3","382","368","3.9","43090"
"101","W Motors","Fenyr Supersport","2022","3.8","800","723","2.7","1700000"
"102","Porsche","718 Cayman","2022","2","300","280","4.7","60500"
"103","Lamborghini","Aventador","2021","6.5","770","531","2.9","522000"
"104","Ferrari","SF90 Stradale","2021","4","986","590","2.5","625000"
"105","Audi","TT RS","2022","2.5","394","354","3.4","67000"
"106","McLaren","GT","2021","4","612","465","3.1","212500"
"107","BMW","M4","2022","3","503","479","3.8","75000"
"108","Mercedes-Benz","SL 63 AMG","2021","4","603","664","3.5","155000"
"109","Chevrolet","Camaro ZL1","2021","6.2","650","650","3.5","64000"
"110","Ford","GT","2022","3.5","660","550","2.8","500000"
"111","Nissan","370Z","2021","3.7","332","270","4.7","31015"
"112","Aston Martin","DBS Superleggera","2021","5.2","715","664","3.4","304995"
"113","Bugatti","Chiron","2021","8","1500","1180","2.4","3000000"
"114","Lotus","Evora GT","2021","3.5","416","317","3.8","105000"
"115","McLaren","570S","2021","3.8","562","443","3.2","192500"
"116","Porsche","Panamera Turbo S E-Hybrid","2021","4","690","642","3.2","190000"
"117","Lamborghini","Urus","2021","4","641","627","3.6","222000"
"118","Ferrari","Roma","2021","3.9","611","561","3.3","222000"
"119","Audi","RS7","2021","4","591","590","3.5","115000"
"120","BMW","M2","2022","3","405","406","4.2","59000"
"121","Porsche","Cayman GT4","2022","4","414","309","4.2","102100"
"122","Lamborghini","Aventador","2021","6.5","730","509","2.9","417826"
"123","Aston Martin","DBS Superleggera","2021","5.2","715","664","3.2","304995"
"124","Bentley","Continental GT","2021","6","626","664","3.6","220300"
"125","Audi","RS7","2022","4","591","590","3.5","114000"
"126","Mercedes-Benz","SLS AMG","2021","6.2","622","468","3.7","239100"
"127","McLaren","570S","2021","3.8","562","443","3.1","192500"
"128","BMW","M2","2022","3","405","406","4","58900"
"129","Chevrolet","Camaro ZL1","2021","6.2","650","650","3.5","62500"
"130","Dodge","Challenger SRT Hellcat","2021","6.2","717","656","3.5","65290"
"131","Ferrari","Portofino","2021","3.9","592","560","3.5","219750"
"132","Porsche","Panamera Turbo S","2022","4","620","604","2.9","187700"
"133","Lamborghini","Urus","2021","4","641","627","3.6","222004"
"134","Mercedes-Benz","AMG C63","2021","4","469","479","3.8","71350"
"135","Aston Martin","Vantage","2021","4","503","505","3.6","146000"
"136","Audi","S5","2022","3","349","369","4.4","52500"
"137","Porsche","Cayman","2022","2.5","365","309","4.5","68900"
"138","Lamborghini","Aventador","2021","6.5","730","507","2.8","517770"
"139","Ferrari","F8 Tributo","2022","3.9","710","568","2.9","276550"
"140","Audi","TT RS","2021","2.5","394","354","3.6","67600"
"141","McLaren","570S","2021","3.8","562","443","3.1","192500"
"142","BMW","Z4 M40i","2022","3","382","369","3.9","63700"
"143","Mercedes-Benz","SLS AMG","2015","6.2","622","468","3.7","221580"
"144","Chevrolet","Camaro SS","2022","6.2","455","455","4.1","44000"
"145","Ford","Mustang Mach 1","2021","5","480","420","4","51720"
"146","Nissan","370Z Nismo","2021","3.7","350","276","4.9","45790"
"147","Porsche","Panamera","2022","2.9","325","331","5.4","88550"
"148","Lamborghini","Urus","2021","4","641","627","3.5","218009"
"149","Ferrari","Roma","2021","3.9","612","561","3.3","222620"
"150","Audi","RS 3","2022","2.5","401","369","3.6","56200"
"151","McLaren","GT","2021","4","612","465","3.2","200000"
"152","BMW","M2 CS","2022","3","444","406","3.8","84595"
"153","Mercedes-Benz","AMG C63","2021","4","503","516","3.8","77500"
"154","Chevrolet","Camaro ZL1","2021","6.2","650","650","3.5","62500"
"155","Acura","NSX","2021","3.5","573","476","2.7","157500"
"156","Aston Martin","DB11","2022","4","503","513","3.7","204100"
"157","Bentley","Continental GT","2021","6","626","664","3.4","220300"
"158","Bugatti","Chiron","2021","8","1500","1180","2.4","3000000"
"159","Dodge","Viper","2017","8.4","645","600","3.3","120000"
"160","Jaguar","F-Type","2022","3","380","339","4.9","69900"
"161","Koenigsegg","Jesko","2022","5","1600","1106","2.5","3000000"
"162","Lexus","LC 500","2022","5","471","398","4.4","92950"
"163","Lotus","Evora GT","2021","3.5","416","317","3.8","105950"
"164","Maserati","GranTurismo","2020","4.7","454","384","4.8","150000"
"165","McLaren","570S","2020","3.8","562","443","3.1","204550"
"166","Pagani","Huayra","2020","6","720","738","3","2700000"
"167","Porsche","Cayman GT4","2022","4","414","309","4.2","102900"
"169","Rolls-Royce","Wraith","2021","6.6","624","605","4.3","330000"
"170","Shelby","Cobra","1965","7","435","440","4.2","1000000"
"172","Toyota","GR Supra","2022","3","382","368","3.9","43090"
"173","TVR","Griffith","2022","5","500","479","3.8","123500"
"174","W Motors","Lykan Hypersport","2015","3.7","780","708","2.8","3400000"
"175","Porsche","718 Cayman","2021","2","300","280","4.5","61500"
"176","Lamborghini","Aventador SVJ","2021","6.5","770","531","2.8","518000"
"177","Ferrari","SF90 Stradale","2022","4","986","590","2.5","507000"
"178","Audi","RS 6","2021","4","591","590","3.5","109000"
"179","McLaren","GT","2021","4","612","465","3.1","210000"
"180","BMW","M2 CS","2022","3","444","406","3.8","84595"
"181","Mercedes-Benz","SLS AMG","2015","6.2","622","468","3.6","228000"
"182","Chevrolet","Camaro SS","2021","6.2","455","455","4","42000"
"183","Ford","GT","2022","3.5","660","550","2.8","500000"
"184","Nissan","370Z Nismo","2021","3.7","350","276","5","45000"
"185","Porsche","Taycan","2021","Electric","750","774","2.6","185000"
"186","Lamborghini","Urus","2021","4","641","627","3.6","222004"
"187","Ferrari","F8 Tributo","2021","3.9","710","568","2.9","276550"
"188","Audi","RS 3","2022","2.5","401","354","3.5","56000"
"189","McLaren","570S","2021","3.8","562","443","3.1","191000"
"190","BMW","M5","2022","4.4","600","553","3.2","104000"
"191","Mercedes-Benz","AMG C 63","2021","4","469","479","3.9","69900"
"192","Chevrolet","Camaro ZL1","2021","6.2","650","650","3.5","64000"
"193","Porsche","Taycan","2022","2","402","254","5.1","81250"
"194","Lamborghini","Aventador","2021","6.5","730","509","2.9","517700"
"195","Aston Martin","DBS Superleggera","2022","5.2","715","663","3.4","330000"
"196","Audi","RS 6 Avant","2021","4","591","590","3.5","109000"
"197","McLaren","600LT","2021","3.8","592","457","2.8","242500"
"198","Mercedes-AMG","C 63 S Coupe","2022","4","503","516","3.7","77000"
"199","BMW","M4","2022","3","473","406","4.1","72800"
"200","Chevrolet","Camaro ZL1","2021","6.2","650","650","3.5","62000"
"201","Dodge","Challenger SRT Hellcat Redeye","2022","6.2","797","707","3.5","76000"
"202","Ford","GT","2022","3.5","660","550","2.9","500000"
"203","Nissan","370Z","2021","3.7","332","270","4.9","30090"
"204","Porsche","Panamera","2022","2.9","325","332","5.3","87200"
"205","Lamborghini","Urus","2021","4","641","626","3.5","218000"
"206","Bugatti","Chiron","2021","8","1500","1180","2.3","3000000"
"207","Ferrari","F8 Tributo","2021","3.9","710","568","2.9","274280"
"208","Audi","RS 7","2021","4","591","590","3.5","114000"
"209","McLaren","570S","2021","3.8","562","443","3.1","191000"
"210","Aston Martin","Vantage","2022","4","503","505","3.5","142086"
"211","Jaguar","F-Type","2022","5","575","516","3.5","103200"
"212","Porsche","Panamera Turbo S","2021","4","620","604","2.9","177700"
"213","Lamborghini","Aventador S","2021","6.5","729","509","2.9","417650"
"214","Ferrari","SF90 Stradale","2021","4","986","590","2.5","625000"
"215","Audi","RS7","2022","4","591","590","3.5","115045"
"216","McLaren","600LT","2021","3.8","592","457","2.9","256500"
"217","BMW","M2 Competition","2022","3","405","406","4","59895"
"218","Mercedes-Benz","S63 AMG","2021","4","603","664","3.4","152500"
"219","Chevrolet","Camaro ZL1","2021","6.2","650","650","3.5","64695"
"220","Dodge","Challenger SRT Hellcat","2022","6.2","717","656","3.5","69995"
"221","Ford","GT","2022","3.5","660","550","2.9","500000"
"223","Lamborghini","Urus","2021","4","641","627","3.2","218009"
"224","Ferrari","812 Superfast","2021","6.5","789","530","2.9","363730"
"225","Audi","R8 Spyder","2022","5.2","562","406","3.5","183300"
"226","McLaren","GT","2021","4","612","465","3.1","210000"
"227","BMW","M4","2022","3","473","406","4.1","73795"
"228","Mercedes-Benz","AMG GT R","2021","4","577","516","3.5","183000"
"229","Chevrolet","Corvette Stingray","2021","6.2","495","470","2.9","60995"
"230","Aston Martin","DB11","2022","5.2","630","516","3.5","207000"
"231","Bentley","Continental GT","2022","6","626","664","3.5","203825"
"232","Jaguar","F-Type R","2021","5","575","516","3.5","103200"
"233","Acura","NSX","2022","3.5","573","476","2.7","157500"
"234","Lotus","Evora GT","2021","3.5","416","317","3.7","99800"
"235","Porsche","Cayman GT4","2021","4","414","309","4.2","100200"
"236","Alfa Romeo","4C","2020","1.7","237","258","4.1","67150"
"237","Audi","RS5","2022","2.9","444","443","3.7","77250"
"238","BMW","M2 Competition","2021","3","405","406","4","58900"
"239","Chevrolet","Camaro ZL1","2021","6.2","650","650","3.5","64695"
"240","Dodge","Charger SRT Hellcat","2022","6.2","717","650","3.6","71490"
"241","Ford","GT","2022","3.5","660","550","2.8","500000"
"242","Lexus","LC 500","2022","5","471","398","4.4","92950"
"243","Maserati","GranTurismo","2020","4.7","454","384","4.8","150400"
"244","Nissan","370Z Nismo","2021","3.7","350","276","4.6","47820"
"245","Rolls-Royce","Wraith","2022","6.8","624","605","4.4","330000"
"246","Subaru","WRX STI","2021","2.5","310","290","4.6","38170"
"248","Porsche","Cayman GT4","2021","4","414","309","4.2","102000"
"249","Lamborghini","Aventador","2021","6.5","729","507","2.9","393695"
"250","Ferrari","Portofino","2022","3.9","591","413","3.3","218750"
"251","Audi","RS7","2021","4","591","590","3.5","114000"
"252","McLaren","600LT","2021","3.8","592","457","2.8","256500"
"253","BMW","M2","2022","3","405","406","4","58900"
"254","Mercedes-Benz","AMG GT","2021","4","523","494","3.8","118500"
"255","Chevrolet","Camaro SS","2021","6.2","455","455","4.1","40590"
"256","Ford","Mustang Mach 1","2021","5","480","420","4","52720"
"257","Nissan","370Z Nismo","2021","3.7","350","276","4.6","45000"
"258","Porsche","Panamera Turbo","2022","4","620","604","3.1","174300"
"259","Lamborghini","Urus","2021","4","641","627","3.2","222004"
"260","Ferrari","SF90 Stradale","2022","4","986","590","2.5","625000"
"261","Audi","TT RS","2022","2.5","394","354","3.4","67895"
"262","McLaren","GT","2021","4","612","465","3.1","210000"
"263","Dodge","Challenger SRT Hellcat","2021","6.2","717","656","3.5","62290"
"264","Aston Martin","DBS Superleggera","2021","5.2","715","663","3.2","304995"
"265","Jaguar","F-Type R","2021","5","575","516","3.5","103200"
"266","Lexus","LC 500","2022","5","471","398","4.4","93050"
"267","Porsche","Cayman GT4","2022","4","414","309","4.2","101200"
"268","BMW","M2 Competition","2022","3","405","406","4","59895"
"269","Audi","RS 5 Coupe","2021","2.9","444","443","3.7","75100"
"270","Chevrolet","Camaro ZL1","2021","6.2","650","650","3.5","64195"
"271","Lotus","Evora GT","2022","3.5","416","317","3.8","105000"
"272","McLaren","GT","2021","4","612","465","3.1","211000"
"273","Mercedes-Benz","SLS AMG Black Series","2014","6.2","622","468","3.5","275000"
"274","Bugatti","Chiron","2021","8","1500","1180","2.4","2998000"
"275","Koenigsegg","Jesko","2021","5","1280","1015","2.5","3000000"
"276","Ferrari","SF90 Stradale","2021","4","986","590","2.5","625000"
"277","Lamborghini","Aventador SVJ","2020","6.5","770","531","2.8","573966"
"278","Rimac","C_Two","2022","Electric","1914","1732","1.85","2400000"
"279","Pagani","Huayra Roadster BC","2021","6","791","774","2.5","3500000"
"280","Pininfarina","Battista","2022","Electric","1874","1696","1.9","2500000"
"281","Acura","NSX","2022","3.5","573","476","2.9","157500"
"282","Aston Martin","Vantage","2021","4","503","505","3.5","146000"
"283","Bentley","Continental GT","2022","4","542","568","3.9","219800"
"284","Dodge","Challenger SRT Hellcat","2022","6.2","717","656","3.5","70000"
"285","Jaguar","F-Type","2022","2","296","295","5.4","61600"
"286","Kia","Stinger","2022","3.3","368","376","4.7","52200"
"287","Lotus","Evora GT","2021","3.5","416","317","3.8","100450"
"288","Maserati","GranTurismo","2021","4.7","454","384","4.8","134300"
"289","Porsche","718 Cayman GT4","2022","4","414","309","4.2","102550"
"290","Alfa Romeo","Giulia Quadrifoglio","2021","2.9","505","443","3.8","76400"
"291","Audi","RS7","2021","4","591","590","3.5","114000"
"292","BMW","M5","2022","4.4","600","553","3.2","103500"
"293","Chevrolet","Camaro ZL1","2022","6.2","650","650","3.5","69000"
"294","Ford","GT","2022","3.5","660","550","3","500000"
"295","Lamborghini","Aventador","2021","6.5","770","531","2.8","417826"
"296","McLaren","Artura","2021","3","671","531","3","225000"
"297","Mercedes-Benz","SLS AMG","2021","4","577","516","3.6","247500"
"298","Nissan","370Z Nismo","2021","3.7","350","276","4.8","45790"
"299","Porsche","Taycan","2022","Electric","616","774","2.6","79900"
"300","Tesla","Model S","2022","Electric","1020","1050","1.98","119000"
"301","Aston Martin","DBS Superleggera","2022","5.2","715","664","3.2","307820"
"302","Bentley","Continental GT","2022","4","542","568","3.4","207825"
"303","Bugatti","Chiron","2021","8","1479","1180","2.3","2998000"
"304","McLaren","570S","2021","3.8","562","443","3.1","202500"
"305","Porsche","Taycan Turbo S","2021","Electric","750","774","2.6","185000"
"306","Lamborghini","Aventador S","2021","6.5","730","509","2.9","417826"
"307","Ferrari","F8 Tributo","2022","3.9","710","568","2.8","276550"
"308","Audi","RS 7","2022","4","591","590","3.5","114000"
"309","BMW","M2 CS","2022","3","444","406","4","84595"
"310","Mercedes-Benz","SLS AMG","2021","6.2","622","468","3.2","275000"
"311","Chevrolet","Camaro ZL1","2021","6.2","650","650","3.5","63000"
"312","Ford","GT","2022","3.5","660","550","3","500000"
"313","Jaguar","F-Type","2021","5","575","516","3.5","103200"
"314","Lotus","Evora GT","2021","3.5","416","317","3.8","96950"
"315","Maserati","GranTurismo","2022","4.7","454","384","4.8","134300"
"316","McLaren","765LT","2021","4","755","590","2.8","358000"
"317","Nissan","370Z","2021","3.7","332","270","5","30000"
"318","Pagani","Huayra","2021","6","730","738","3","2600000"
"319","Porsche","Panamera Turbo S","2021","4","620","604","2.9","180000"
"320","Tesla","Model S Plaid","2021","Electric","1020","1050","1.9","131100"
"321","Aston Martin","DB11","2021","4","503","513","4","201495"
"322","Dodge","Challenger Hellcat Redeye","2022","6.2","797","707","3.4","82190"
"323","Lotus","Evora","2021","3.5","416","317","3.8","96950"
"324","Acura","NSX","2021","3.5","573","476","2.7","159495"
"325","Alfa Romeo","Giulia Quadrifoglio","2021","2.9","505","443","3.8","76950"
"326","Bentley","Continental GT","2021","6","626","664","3.3","202500"
"327","Jaguar","F-Type","2022","3","380","339","4.9","70100"
"328","Koenigsegg","Jesko","2022","5","1280","1015","2.5","3000000"
"329","Lexus","LC 500","2021","5","471","398","4.4","92950"
"330","Maserati","GranTurismo","2022","4.7","454","384","4.8","132795"
"331","McLaren","GT","2022","4","612","465","3.1","215500"
"332","Mercedes-AMG","C 63 S Coupe","2022","4","503","516","3.7","80900"
"333","Porsche","718 Cayman","2021","2","300","280","4.9","59900"
"334","Rolls-Royce","Wraith","2021","6.8","624","605","4.3","330000"
"336","Chevrolet","Camaro SS","2021","6.2","455","455","4","40000"
"337","Ford","GT","2022","3.5","660","550","3","500000"
"338","Acura","NSX","2022","3.5","573","476","2.7","157500"
"339","Aston Martin","DB11","2021","5.2","630","516","3.7","209000"
"340","Bentley","Continental GT","2022","4","542","568","3.9","202500"
"341","Bugatti","Chiron","2021","8","1500","1180","2.4","3000000"
"342","Dodge","Challenger Hellcat","2022","6.2","717","656","3.5","67500"
"343","Jaguar","F-Type","2021","5","575","516","3.5","103200"
"344","Koenigsegg","Jesko","2022","5","1280","1106","2.5","2800000"
"345","Lexus","LC","2021","5","471","398","4.4","92950"
"346","Lotus","Evora GT","2021","3.5","416","317","3.8","104200"
"347","Maserati","GranTurismo","2021","4.7","454","384","4.7","133050"
"348","McLaren","570S","2021","3.8","562","443","3.1","196350"
"349","Mercedes-Benz","AMG C63","2022","4","503","516","3.8","69900"
"350","Pagani","Huayra BC","2021","6","791","774","2.7","2600000"
"351","Porsche","Cayman GT4","2022","4","414","309","4.2","102900"
"352","Rimac","Nevera","2022","Electric","1914","1696","1.85","2400000"
"353","Rolls-Royce","Wraith","2021","6.7","624","605","4.4","338000"
"354","Tesla","Roadster","2022","Electric","1000","10000","1.9","200000"
"355","Acura","NSX","2022","3.5","573","476","2.7","157500"
"356","Aston Martin","Vantage","2021","4","503","505","3.5","150000"
"357","Bentley","Continental GT","2021","6","626","664","3.6","218400"
"358","Dodge","Challenger SRT Hellcat Redeye","2021","6.2","797","707","3.5","73000"
"359","Jaguar","F-Type R","2022","5","575","516","3.5","103200"
"360","Lexus","LC 500","2021","5","471","398","4.4","92950"
"361","Lotus","Evora GT","2021","3.5","416","317","3.8","104970"
"362","Maserati","GranTurismo","2021","4.7","454","384","4.8","132400"
"363","Porsche","Cayman GT4","2021","4","414","309","4.2","101200"
"364","Tesla","Roadster","2023","Electric","1000","737","1.9","200000"
"365","Alpine","A110","2021","1.8","288","236","4.4","71500"
"366","Audi","RS7","2021","4","591","590","3.5","114000"
"367","BMW","M4","2021","3","473","406","4.1","71800"
"368","Chevrolet","Camaro ZL1","2021","6.2","650","650","3.5","64195"
"369","Dodge","Viper","2017","8.4","645","600","3.3","118795"
"370","Ferrari","Portofino","2021","3.9","591","560","3.5","218750"
"371","Jaguar","F-Type","2022","3","296","295","5.4","61600"
"372","Lamborghini","Aventador SVJ","2021","6.5","770","531","2.8","517700"
"373","McLaren","600LT","2021","3.8","592","457","2.8","240000"
"374","Aston Martin","DB11","2021","5.2","630","516","3.5","221400"
"375","Bentley","Continental GT","2021","6","626","664","3.6","202500"
"376","Bugatti","Chiron","2022","8","1500","1180","2.4","3000000"
"377","Dodge","Challenger SRT Hellcat","2021","6.2","717","656","3.5","64100"
"378","Jaguar","F-Type R","2022","5","575","516","3.5","103200"
"379","Koenigsegg","Jesko","2022","5","1280","1015","2.5","2800000"
"380","Lexus","LC 500","2021","5","471","398","4.4","92950"
"381","Lotus","Evora GT","2021","3.5","416","317","3.8","100450"
"382","Maserati","GranTurismo","2021","4.7","454","384","4.8","150980"
"383","McLaren","Artura","2022","3","671","531","3","225000"
"384","Mercedes-AMG","C 63 S","2022","4","503","516","3.7","81550"
"385","Pagani","Huayra","2021","6","764","738","2.8","3500000"
"386","Porsche","Cayman GT4","2021","4","414","309","4.2","102550"
"388","Rolls-Royce","Wraith","2021","6.6","624","642","4.4","330000"
"390","Toyota","Supra","2022","3","382","368","3.9","43090"
"391","Acura","NSX","2021","3.5","573","476","2.7","157500"
"392","Aston Martin","Vantage","2021","4","503","505","3.5","146000"
"393","Bentley","Continental GT","2022","4","542","568","3.9","207825"
"394","Dodge","Challenger SRT Hellcat","2021","6.2","717","656","3.5","64195"
"395","Jaguar","F-Type","2022","3","380","339","4.8","62250"
"396","Lexus","LC 500","2022","5","471","398","4.4","92000"
"397","Lotus","Evora GT","2021","3.5","416","317","3.8","105000"
"398","Maserati","GranTurismo","2022","4.7","454","384","4.7","134300"
"399","McLaren","570S","2022","3.8","562","443","2.9","204550"
"400","Porsche","Cayman GT4","2021","4","414","309","4.2","102000"
"401","Tesla","Model S Plaid","2021","Electric (tri-motor)","1020","1050","1.9","141190"
"402","Audi","RS 5","2021","2.9","444","443","3.5","75100"
"403","BMW","M2 Competition","2022","3","405","406","4","59895"
"404","Chevrolet","Camaro ZL1","2021","6.2","650","650","3.5","64995"
"405","Dodge","Viper ACR","2017","8.4","645","600","3.3","126190"
"406","Ford","GT","2021","3.5","660","550","2.9","500000"
"407","Porsche","Taycan 4S","2022","2.5","482","472","3.8","102900"
"408","Lamborghini","Aventador S","2021","6.5","730","509","2.9","417650"
"409","Aston Martin","DB11","2021","5.2","630","516","3.5","205000"
"410","Alfa Romeo","Giulia Quadrifoglio","2022","2.9","505","443","3.8","81250"
"411","Audi","RS7 Sportback","2022","4","591","590","3.5","115045"
"412","BMW","M4 Competition","2021","3","503","479","3.9","75695"
"413","Chevrolet","Camaro SS","2022","6.2","455","455","4.1","42000"
"414","Dodge","Charger Hellcat","2021","6.2","717","650","3.6","71490"
"415","Ferrari","F8 Tributo","2021","3.9","710","568","2.9","274280"
"416","Ford","GT","2021","3.5","660","550","2.8","500000"
"417","Jaguar","F-Type R","2021","5","575","516","3.5","103200"
"418","Koenigsegg","Jesko Absolut","2022","5","1600","1106","2.1","2800000"
"419","Lexus","LC 500","2021","5","471","398","4.4","93050"
"420","Lotus","Evija","2022","Electric","1973","1254","2.5","2750000"
"421","McLaren","GT","2022","4","612","465","3.2","210000"
"422","Mercedes-Benz","AMG GT Black Series","2021","4","720","590","3.2","326050"
"423","Porsche","Cayman GT4","2021","4","414","309","4.2","102500"
"424","Lamborghini","Aventador","2021","6.5","770","531","2.8","417650"
"425","Ferrari","Portofino","2021","3.9","591","560","3.3","218750"
"426","Audi","TT RS","2022","2.5","394","354","3.6","69000"
"427","McLaren","600LT Spider","2021","3.8","592","457","2.8","256500"
"428","BMW","M4","2022","3","473","406","4.1","72800"
"429","Mercedes-Benz","AMG C 63","2022","4","503","516","3.8","70000"
"430","Chevrolet","Camaro SS 1LE","2021","6.2","455","455","4","44500"
"431","Ford","Mustang Mach 1","2021","5","480","420","4","51000"
"432","Nissan","370Z Nismo","2021","3.7","350","276","5.2","45000"
"433","Aston Martin","Vantage","2021","4","503","505","3.5","146000"
"434","Bugatti","Chiron","2022","8","1500","1180","2.4","3000000"
"435","Koenigsegg","Jesko","2021","5","1262","1106","2.5","3000000"
"436","Pagani","Huayra","2021","6","764","738","2.6","2600000"
"437","McLaren","Speedtail","2021","4","1035","848","2.5","2300000"
"438","Lamborghini","Si√°n","2021","6.5","819","531","2.8","3600000"
"439","Rimac","C_Two","2021","Electric","1914","1732","1.8","2400000"
"440","Porsche","Cayman","2022","2","300","280","4.9","59900"
"441","Lamborghini","Aventador","2021","6.5","770","531","2.8","393695"
"442","Ferrari","Portofino","2021","3.9","591","413","3.5","215000"
"443","Audi","RS 5","2022","2.9","444","443","3.7","75100"
"444","McLaren","GT","2021","4","620","465","3.1","210000"
"445","BMW","Z4 M40i","2022","3","382","369","4.3","63700"
"446","Mercedes-Benz","SLC 43","2020","3","385","384","4.6","62000"
"447","Chevrolet","Camaro SS","2022","6.2","455","455","4.3","42500"
"448","Ford","Mustang GT","2022","5","460","420","4.3","36120"
"449","Nissan","370Z Nismo","2020","3.7","350","276","4.6","45790"
"450","Aston Martin","Vantage","2022","4","503","505","3.6","146000"
"451","Bentley","Continental GT","2021","4","626","664","3.3","220000"
"452","Porsche","718 Boxster","2022","2","300","280","4.9","62000"
"453","Lamborghini","Urus","2021","4","641","627","3.6","222004"
"454","Ferrari","F8 Spider","2021","3.9","710","568","2.9","280000"
"455","Audi","TT RS","2022","2.5","394","354","3.6","69900"
"456","McLaren","570S","2021","3.8","562","443","2.9","208800"
"457","BMW","M4","2022","3","473","406","4","72800"
"458","Porsche","718 Cayman","2022","2","300","280","4.9","60500"
"459","Lamborghini","Aventador","2021","6.5","730","509","2.9","393695"
"460","Ferrari","SF90 Stradale","2022","4","986","590","2.5","625000"
"461","Audi","RS5","2022","2.9","444","443","3.7","75100"
"462","McLaren","GT","2021","4","612","465","3.2","208800"
"463","BMW","M2","2022","3","405","406","4","58900"
"464","Mercedes-Benz","SLS AMG","2015","6.2","622","468","3.6","229000"
"465","Chevrolet","Camaro ZL1","2021","6.2","650","650","3.5","62000"
"466","Ford","GT","2022","3.5","660","550","3","500000"
"467","Nissan","370Z Nismo","2020","3.7","350","276","5.2","46200"
"468","Dodge","Challenger SRT Hellcat","2021","6.2","717","656","3.6","71000"
"469","Aston Martin","DBS Superleggera","2021","5.2","715","663","3.2","308000"
"470","Alfa Romeo","Giulia Quadrifoglio","2022","2.9","505","443","3.8","80500"
"471","Jaguar","F-Type R","2021","5","575","516","3.5","105900"
"472","Lotus","Evora GT","2020","3.5","416","317","3.8","96950"
"473","Maserati","GranTurismo","2019","4.7","454","384","4.7","150980"
"474","Porsche","Panamera Turbo S","2022","4","630","604","2.9","180800"
"475","Lamborghini","Urus","2021","4","641","627","3.2","218000"
"476","Aston Martin","Vantage","2021","4","503","505","3.5","146000"
"477","Lotus","Evora","2021","3.5","416","317","3.8","94000"
"478","Alfa Romeo","4C Spider","2020","1.7","237","258","4.1","67150"
"479","Jaguar","F-Type","2022","3","380","339","4.9","70900"
"480","Maserati","GranTurismo","2021","4.7","454","384","4.7","134300"
"481","Porsche","Cayman GT4","2021","4","414","309","4.2","100200"
"482","Audi","RS5 Coupe","2022","2.9","444","443","3.7","76450"
"483","BMW","M2 Competition","2021","3","405","406","4","58900"
"484","Chevrolet","Camaro ZL1","2022","6.2","650","650","3.5","64000"
"485","Dodge","Challenger SRT Hellcat","2022","6.2","717","656","3.5","61500"
"486","Ford","GT","2021","3.5","647","550","2.8","500000"
"487","Lexus","LC 500","2022","5","471","398","4.4","92950"
"488","McLaren","570S","2022","3.8","562","443","3.1","198950"
"489","Mercedes-AMG","C63 S Coupe","2021","4","503","516","3.7","77950"
"490","Nissan","370Z Nismo","2021","3.7","350","276","4.9","45790"
"491","Porsche","718 Boxster","2021","2","300","280","4.9","62000"
"492","Lamborghini","Aventador S","2021","6.5","729","507","2.9","417826"
"493","Ferrari","F8 Tributo","2021","3.9","710","568","2.9","274280"
"494","Audi","TT RS Coupe","2021","2.5","394","354","3.6","67600"
"495","BMW","M4 Coupe","2021","3","473","406","3.8","71800"
"496","Acura","NSX","2021","3.5","573","476","2.7","159495"
"497","Aston Martin","DBS Superleggera","2022","5.2","715","664","3.4","314500"
"498","Bentley","Continental GT","2022","6","626","664","3.3","214425"
"499","Bugatti","Chiron","2022","8","1500","1180","2.3","3000000"
"500","Dodge","Challenger SRT Hellcat","2022","6.2","717","656","3.5","71490"
"501","Jaguar","F-Type","2021","5","575","516","3.5","105900"
"502","Koenigsegg","Jesko","2021","5","1280","1106","2.5","2800000"
"503","Lexus","LC 500","2021","5","471","398","4.4","92950"
"504","Lotus","Evora GT","2021","3.5","416","317","3.8","104400"
"505","Maserati","GranTurismo","2022","4.7","454","384","4.7","150980"
"506","McLaren","Artura","2022","3","671","531","3","225000"
"507","Pagani","Huayra","2021","6","764","738","2.6","2600000"
"508","Porsche","Cayman GT4","2022","4","414","309","4.2","102000"
"509","Rimac","C_Two","2021","Electric","1914","1696","1.9","2400000"
"510","Rolls-Royce","Wraith","2021","6.8","624","605","4.4","335550"
"511","Tesla","Model S Plaid","2021","Electric","1020","1050","1.9","141990"
"512","Toyota","GR Supra","2022","3","382","368","3.9","43090"
"513","TVR","Griffith","2021","5","500","420","3.9","157500"
"514","Ultima","RS","2021","6.2","1200","1300","2.3","220000"
"515","W Motors","Fenyr SuperSport","2022","3.8","800","723","2.7","1550000"
"516","Acura","NSX","2021","3.5","573","476","2.9","157500"
"517","Aston Martin","DBS Superleggera","2022","5.2","715","663","3.2","308000"
"518","Bentley","Continental GT","2021","6","626","664","3.6","202500"
"519","Bugatti","Chiron","2021","8","1500","1180","2.3","3000000"
"520","Dodge","Challenger SRT Hellcat","2021","6.2","717","656","3.5","65000"
"521","Jaguar","F-Type","2021","3","380","339","4.9","63100"
"522","Lexus","LC 500","2021","5","471","398","4.4","92950"
"523","Lotus","Evija","2022","Electric","1973","1254","2.5","2600000"
"524","Maserati","GranTurismo","2021","4.7","454","384","4.8","134300"
"525","Porsche","Taycan","2021","Electric","616","774","2.6","185000"
"526","Rimac","C_Two","2022","Electric","1914","1696","1.9","2400000"
"527","Tesla","Model S Plaid","2022","Electric","1020","1050","1.98","140000"
"528","McLaren","Artura","2022","3","671","531","3","225000"
"529","Mercedes-Benz","AMG GT Black Series","2021","4","720","590","3.1","325000"
"530","Chevrolet","Camaro ZL1","2021","6.2","650","650","3.5","63000"
"531","Ford","GT","2021","3.5","647","550","3","500000"
"532","Aston Martin","DBS Superleggera","2021","5.2","715","664","3.4","307820"
"533","Jaguar","F-Type","2022","5","575","516","3.5","103200"
"534","Dodge","Challenger SRT Hellcat Redeye","2021","6.2","797","707","3.5","80190"
"535","Lotus","Evora GT","2022","3.5","416","317","3.8","105000"
"536","Alfa Romeo","4C Spider","2020","1.8","237","258","4.1","68745"
"537","Subaru","WRX STI","2022","2.5","310","290","5.2","38170"
"538","Acura","NSX","2022","3.5","573","476","2.7","157500"
"539","Koenigsegg","Jesko","2021","5","1280","1015","2.5","2800000"
"540","Tesla","Model S Plaid","2022","Electric","1020","1050","1.98","139990"
"541","Bugatti","Chiron Super Sport 300+","2022","8","1578","1180","2.3","5200000"
"542","McLaren","Senna","2020","4","789","590","2.7","1500000"
"543","Porsche","Taycan Turbo S","2022","Electric","750","774","2.6","185000"
"544","Mercedes-Benz","SLS AMG Black Series","2014","6.2","622","468","3.5","275000"
"545","Lexus","LC 500","2022","5","471","398","4.4","93050"
"546","Chevrolet","Camaro ZL1","2022","6.2","650","650","3.5","65000"
"547","Audi","RS 7 Sportback","2022","4","591","590","3.5","114000"
"548","Ford","GT","2022","3.5","660","550","3","500000"
"549","BMW","M2 CS","2022","3","444","406","3.8","84595"
"550","Porsche","Cayman GT4","2022","4","414","309","4.2","102550"
"551","Lamborghini","Aventador","2022","6.5","770","531","2.8","393695"
"552","Aston Martin","Vantage","2021","4","503","505","3.6","146000"
"553","Lotus","Evora GT","2021","3.5","416","317","3.8","96950"
"554","Porsche","Panamera Turbo S","2021","4","620","604","2.9","180000"
"555","Lamborghini","Aventador S","2022","6.5","729","507","2.9","460247"
"556","Ferrari","SF90 Stradale","2021","4","986","590","2.5","625000"
"557","Audi","RS 6 Avant","2022","4","591","590","3.1","110045"
"558","McLaren","570S","2021","3.8","562","443","3.1","192500"
"559","BMW","M5","2022","4.4","600","553","3.2","103500"
"560","Mercedes-Benz","AMG C 63 S","2021","4","503","516","3.7","77400"
"561","Chevrolet","Camaro ZL1","2021","6.2","650","650","3.5","64695"
"562","Dodge","Challenger SRT Hellcat","2021","6.2","717","656","3.5","64195"
"563","Ford","GT","2021","3.5","660","550","3","500000"
"564","Nissan","370Z Nismo","2020","3.7","350","276","5","46815"
"565","Porsche","Cayman GT4","2021","4","414","309","4.2","102550"
"566","Audi","TT RS","2021","2.5","394","354","3.6","67895"
"567","Chevrolet","Corvette Z06","2023","5.5","625","650","2.6","85000"
"568","Lamborghini","Urus","2022","4","641","626","3.2","218009"
"569","Mercedes-Benz","AMG GT 63 S","2021","4","630","664","3.1","162900"
"570","Ferrari","Portofino M","2022","3.9","612","560","3.5","245000"
"571","Bugatti","Chiron","2021","8","1479","1180","2.5","3000000"
"572","Aston Martin","DBS Superleggera","2021","5.2","715","664","3.4","304995"
"573","Lotus","Evora GT","2021","3.5","416","317","3.8","100450"
"574","Porsche","Cayman GT4","2022","4","414","309","4.2","100200"
"575","Acura","NSX","2021","3.5","573","476","2.7","157500"
"576","Lexus","LC","2021","5","471","398","4.4","92950"
"577","Alfa Romeo","Giulia Quadrifoglio","2021","2.9","505","443","3.8","74750"
"578","Audi","RS7","2021","4","591","590","3.5","114000"
"579","Bentley","Continental GT","2021","6","626","664","3.3","218400"
"580","BMW","M5","2021","4.4","600","553","3.2","103500"
"581","Chevrolet","Camaro ZL1","2021","6.2","650","650","3.5","64695"
"582","Dodge","Challenger Hellcat","2021","6.2","717","656","3.5","70595"
"583","Ford","GT","2022","3.5","647","550","3","500000"
"584","Jaguar","F-Type R","2021","5","575","516","3.5","103200"
"585","Lamborghini","Aventador","2021","6.5","730","509","2.9","393695"
"586","McLaren","570S","2021","3.8","562","443","3.1","203500"
"587","Mercedes-Benz","SLS AMG","2015","6.2","583","479","3.6","221580"
"588","Nissan","370Z Nismo","2020","3.7","350","276","4.7","47190"
"589","Porsche","Boxster","2021","2","300","280","4.9","62000"
"590","Porsche","718 Cayman","2022","2","300","280","4.9","61500"
"591","Lamborghini","Aventador","2021","6.5","759","531","2.9","393695"
"592","Ferrari","Roma","2021","3.9","612","561","3.3","222630"
"593","Audi","RS 5","2022","2.9","444","442","3.5","75400"
"594","McLaren","570S","2020","3.8","562","443","3.1","208000"
"595","BMW","M2","2022","3","405","406","4.2","58900"
"596","Mercedes-Benz","SL","2022","3","429","384","4.9","96250"
"597","Chevrolet","Camaro","2021","6.2","455","455","4","25000"
"598","Ford","GT","2022","3.5","660","550","3","500000"
"599","Nissan","370Z Nismo","2021","3.7","350","276","5","45000"
"600","Aston Martin","DBS Superleggera","2021","5.2","715","664","3.4","307820"
"601","Lotus","Evora GT","2021","3.5","416","317","3.8","100450"
"602","Maserati","GranTurismo","2021","4.7","454","384","4.7","134300"
"603","Porsche","Panamera","2022","2.9","325","331","5.2","88550"
"604","Lamborghini","Urus","2021","4","641","627","3.6","218009"
"605","Ferrari","SF90 Stradale","2021","4","986","590","2.5","625000"
"606","Audi","RS 6","2022","4","591","590","3.5","109000"
"607","McLaren","Artura","2022","3","671","531","3","225000"
"608","Porsche","Taycan 4S","2021","Electric (93 kWh)","429","472","3.8","103800"
"609","Lamborghini","Aventador S","2021","6.5","730","509","2.9","417650"
"610","Ferrari","SF90 Stradale","2021","4","986","590","2.5","625000"
"611","Audi","RS 7","2022","4","591","590","3.5","117000"
"612","McLaren","570S","2021","3.8","562","443","3.1","192500"
"613","BMW","M4","2021","3","473","406","4","72800"
"614","Mercedes-Benz","SLS AMG","2015","6.2","622","468","3.5","228000"
"615","Chevrolet","Camaro SS","2021","6.2","455","455","4","42000"
"616","Ford","GT","2021","3.5","660","550","3","500000"
"617","Nissan","370Z Nismo","2021","3.7","350","276","5","48000"
"618","Aston Martin","DBS Superleggera","2021","5.2","715","664","3.2","307820"
"619","Lexus","LC 500","2021","5","471","398","4.4","93000"
"620","Bentley","Continental GT","2021","4","626","664","3.3","202500"
"621","Maserati","GranTurismo","2021","4.7","454","384","4.7","150980"
"622","Tesla","Model S Plaid","2022","Electric (100 kWh)","1020","1050","1.98","131190"
"623","Rolls-Royce","Dawn","2021","6.6","563","605","4.3","346300"
"624","Bugatti","Chiron Pur Sport","2021","8","1500","1180","2.3","3599000"
"625","McLaren","Senna","2019","4","789","590","2.7","1050000"
"626","Porsche","Panamera Turbo S E-Hybrid","2021","Hybrid (4.0)","690","641","3","186350"
"627","Acura","NSX","2021","3.5","573","476","2.7","157500"
"628","Aston Martin","DB11","2021","4","503","498","3.7","205600"
"629","Audi","RS7","2021","4","591","590","3.5","114000"
"630","Bentley","Continental GT","2021","6","626","664","3.6","201000"
"631","Bugatti","Chiron","2021","8","1500","1180","2.5","3000000"
"632","Chevrolet","Camaro ZL1","2022","6.2","650","650","3.5","67000"
"633","Dodge","Challenger Hellcat","2021","6.2","717","656","3.5","64000"
"634","Ferrari","812 Superfast","2021","6.5","789","530","2.8","340000"
"635","Lamborghini","Aventador SVJ","2021","6.5","770","531","2.8","517770"
"636","McLaren","600LT Spider","2021","3.8","592","457","2.8","256500"
"637","Mercedes-AMG","GT Black Series","2021","4","720","590","3.1","325000"
"638","Nissan","400Z","2023","3","400","350","4","40000"
"639","Porsche","Cayman GT4","2021","4","414","309","4.2","101000"
"640","Rimac","Nevera","2021","Electric","1914","1696","1.9","2400000"
"641","Rolls-Royce","Wraith","2021","6.8","624","605","4.4","330000"
"643","Toyota","Supra","2021","3","382","368","3.9","43000"
"644","Porsche","718 Boxster","2021","2","300","280","4.9","62000"
"645","Porsche","718 Boxster","2022","2","300","280","4.9","62000"
"646","Lamborghini","Aventador S","2021","6.5","730","509","2.9","417826"
"647","Ferrari","SF90 Stradale","2022","4","986","590","2.5","625000"
"648","Audi","RS 7","2022","4","591","590","3.5","114000"
"649","McLaren","Artura","2021","3","671","531","3","225000"
"650","BMW","M2","2022","3","405","406","4.1","58900"
"651","Mercedes-Benz","SLS AMG","2015","6.2","583","479","3.6","221580"
"652","Chevrolet","Camaro ZL1","2021","6.2","650","650","3.5","64695"
"653","Ford","GT","2022","3.5","647","550","3","500000"
"654","Nissan","370Z Nismo","2021","3.7","350","276","4.8","45000"
"655","Dodge","Charger Hellcat","2021","6.2","707","650","3.6","69995"
"656","Aston Martin","DBS Superleggera","2021","5.2","715","663","3.2","305000"
"657","Alfa Romeo","Giulia Quadrifoglio","2021","2.9","505","443","3.8","75000"
"658","Audi","TT RS","2021","2.5","394","354","3.6","68000"
"659","Bentley","Continental GT","2021","6","626","664","3.6","203825"
"660","BMW","M5","2022","4.4","600","553","3.2","103500"
"661","Chevrolet","Corvette Stingray","2021","6.2","495","470","2.9","58900"
"662","Dodge","Challenger SRT Hellcat","2021","6.2","717","656","3.5","63000"
"663","Ford","Mustang GT","2022","5","460","420","4","45000"
"664","Porsche","Cayman","2022","2","300","280","4.9","59900"
"665","Lamborghini","Aventador","2021","6.5","770","531","2.8","417826"
"666","Ferrari","Roma","2022","3.9","612","560","3.3","222630"
"667","Audi","RS7","2022","4","591","590","3.5","114000"
"668","McLaren","570S","2021","3.8","562","443","2.7","204995"
"669","BMW","M4","2022","3","473","406","4.1","71800"
"670","Mercedes-Benz","SLS AMG","2021","6.2","622","468","3.5","243600"
"671","Chevrolet","Camaro SS","2021","6.2","455","455","4","42000"
"672","Ford","GT","2022","3.5","660","550","2.8","500000"
"673","Nissan","370Z Nismo","2021","3.7","350","276","5","47190"
"674","Porsche","Panamera","2022","2.9","325","331","5.4","88550"
"675","Lamborghini","Urus","2021","4","641","627","3.2","218000"
"676","Ferrari","SF90 Stradale","2021","4","986","590","2.5","625000"
"677","Audi","RS6","2022","4","591","590","3.5","113000"
"678","McLaren","Artura","2021","3","671","531","3","225000"
"679","BMW","M2","2022","3","405","406","4","58900"
"680","Mercedes-Benz","GT 63","2021","4","577","590","3.3","161200"
"681","Chevrolet","Camaro ZL1","2021","6.2","650","650","3.5","63000"
"682","Aston Martin","DBS Superleggera","2021","5.2","715","663","3.2","310000"
"683","Bugatti","Chiron","2022","8","1500","1180","2.4","3000000"
"684","Koenigsegg","Jesko","2021","5","1280","1106","2.5","2800000"
"685","Pagani","Huayra","2021","6","764","737","3","2600000"
"687","McLaren","Senna","2021","4","789","590","2.7","1000000"
"688","Porsche","918 Spyder","2015","4.6","887","944","2.2","1800000"
"689","Ferrari","SF90 Stradale","2021","4","986","590","2.5","625000"
"690","Lamborghini","Aventador SVJ","2020","6.5","759","531","2.8","517000"
"691","Audi","RS 6 Avant","2021","4","591","590","3.5","110000"
"692","Bentley","Continental GT Speed","2022","6","650","664","3.5","300000"
"693","Chevrolet","Camaro ZL1","2021","6.2","650","650","3.5","68000"
"694","Dodge","Challenger SRT Hellcat","2021","6.2","717","656","3.5","65000"
"695","Ford","GT","2021","3.5","660","550","2.9","500000"
"696","Lexus","LC 500","2022","5","471","398","4.4","92000"
"698","Mercedes-AMG","GT Black Series","2021","4","720","590","3.1","330000"
"699","Aston Martin","DB11","2021","4","503","513","3.9","205000"
"700","Bentley","Continental GT","2022","4","542","568","3.9","229000"
"701","Jaguar","F-Type","2022","2","296","295","5.4","62750"
"702","Lotus","Evora GT","2021","3.5","416","317","3.8","100000"
"703","Maserati","GranTurismo","2021","4.7","454","384","4.7","135000"
"704","Porsche","Boxster","2022","2","300","280","4.9","63000"
"705","Alfa Romeo","4C","2020","1.8","237","258","4.2","67150"
"706","Chevrolet","Camaro","2022","6.2","455","455","4","62195"
"707","Dodge","Challenger","2022","3.6","305","268","6.4","28000"
"708","Ford","GT","2022","3.5","660","550","2.9","500000"
"709","Audi","RS7","2022","4","591","590","3.5","115045"
"710","BMW","M4","2022","3","473","406","4.1","71800"
"711","Lamborghini","Aventador","2021","6.5","729","507","2.9","393695"
"712","Mercedes-Benz","AMG C 63","2021","4","469","479","3.8","69900"
"713","Nissan","370Z","2021","3.7","350","276","5.3","30090"
"714","Porsche","Cayman","2022","2","300","280","4.9","68000"
"715","BMW","i8","2022","1.5","369","184","4.2","147500"
"716","Chevrolet","Corvette Stingray","2021","6.2","495","470","2.9","58900"
"717","Porsche","Taycan Turbo S","2022","Electric","750","774","2.6","185000"
"718","Lamborghini","Aventador S","2021","6.5","729","507","2.9","417650"
"719","Ferrari","SF90 Stradale","2022","4","986","590","2.5","625000"
"720","Audi","RS7","2022","4","591","590","3.5","115000"
"721","McLaren","GT","2022","4","620","465","3.1","208000"
"722","BMW","M5","2022","4.4","600","553","3.2","103500"
"723","Mercedes-Benz","SLS AMG","2021","4","730","590","2.9","250000"
"724","Chevrolet","Camaro ZL1","2021","6.2","650","650","3.5","63000"
"725","Ford","GT","2022","3.5","660","550","2.8","500000"
"726","Nissan","370Z Nismo","2021","3.7","350","276","5","46100"
"727","Porsche","Panamera Turbo S","2022","4","630","604","3.1","180000"
"728","Lamborghini","Urus","2021","4","641","627","3.2","218000"
"729","Ferrari","Portofino","2022","3.9","591","561","3.4","250000"
"730","Audi","TT RS","2022","2.5","394","354","3.6","70000"
"731","McLaren","570S","2021","3.8","562","443","3.1","200000"
"732","BMW","i8","2022","Hybrid","369","184","4.2","148500"
"733","Porsche","718 Cayman","2022","2","300","280","4.9","61500"
"734","Lamborghini","Aventador","2021","6.5","770","531","2.8","417826"
"735","Ferrari","Portofino","2022","3.9","612","561","3.3","245000"
"736","Audi","TT RS","2022","2.5","394","354","3.6","67800"
"737","McLaren","GT","2022","4","620","465","3.1","211300"
"738","BMW","M4","2022","3","473","406","4.1","71800"
"739","Mercedes-Benz","SLS AMG","2015","6.2","622","468","3.5","222500"
"740","Chevrolet","Camaro SS","2022","6.2","455","455","4","43995"
"741","Ford","GT","2022","3.5","660","550","2.9","500000"
"742","Nissan","370Z Nismo","2021","3.7","350","276","4.8","45790"
"743","Porsche","911 Turbo S","2022","3.8","640","590","2.6","208000"
"744","McLaren","765LT","2021","4","755","590","2.8","358000"
"745","Lamborghini","Urus","2021","4","641","627","3.6","218009"
"746","Mercedes-AMG","GT Black Series","2021","4","720","590","3.1","325000"
"747","BMW","M5 Competition","2022","4.4","617","553","3.1","103500"
"748","Audi","RS7","2022","4","591","590","3.5","115000"
"749","Aston Martin","Vantage","2022","4","503","505","3.5","152995"
"750","Ferrari","F8 Spider","2021","3.9","710","568","2.9","274280"
"751","Lexus","LC 500","2022","5","471","398","4.4","102550"
"753","Lamborghini","Aventador SVJ","2021","6.5","759","531","2.8","517770"
"754","Ferrari","SF90 Stradale","2021","4","986","590","2.5","625000"
"755","Audi","RS6 Avant","2021","4","591","590","3.5","109000"
"756","McLaren","600LT Spider","2021","3.8","592","457","2.8","256500"
"757","BMW","M4","2022","3","473","406","3.8","71800"
"758","Mercedes-Benz","AMG GT R","2021","4","577","516","3.5","180000"
"759","Chevrolet","Camaro ZL1","2021","6.2","650","650","3.5","64695"
"760","Ford","GT","2022","3.5","660","550","3","500000"
"761","Nissan","370Z Nismo","2021","3.7","350","276","5","48000"
"762","Porsche","Panamera Turbo S E-Hybrid","2021","4","690","642","3","190000"
"763","Lamborghini","Urus","2021","4","641","627","3.5","218000"
"764","Ferrari","Portofino M","2021","3.9","612","561","3.4","235000"
"765","Audi","TT RS","2022","2.5","394","354","3.6","67600"
"766","McLaren","Artura","2022","3","671","531","3","225000"
"767","BMW","M2 CS","2022","3","444","406","3.8","84595"
"768","Mercedes-Benz","SLS AMG Black Series","2021","6.2","622","468","3.5","335000"
"769","Chevrolet","Camaro SS","2021","6.2","455","455","4","42000"
"770","Porsche","718 Boxster","2022","2","300","280","4.9","63000"
"771","Lamborghini","Aventador SVJ","2020","6.5","759","531","2.8","573966"
"772","Ferrari","SF90 Stradale","2022","4","986","590","2.5","625000"
"773","Audi","TT RS Coupe","2022","2.5","394","354","3.5","68000"
"774","McLaren","GT","2020","4","612","465","3.1","210000"
"775","BMW","Z4 Roadster","2022","2","255","295","5.2","50000"
"776","Mercedes-Benz","SLS AMG","2015","6.2","622","468","3.6","200000"
"777","Chevrolet","Camaro SS Convertible","2022","6.2","455","455","4","49000"
"778","Ford","GT","2021","3.5","660","550","2.9","500000"
"779","Nissan","370Z Coupe","2020","3.7","332","270","5","30090"
"780","Aston Martin","Vantage","2021","4","503","505","3.6","142086"
"781","Bentley","Continental GT","2022","6","626","664","3.3","225000"
"782","Bugatti","Chiron","2021","8","1479","1180","2.4","3000000"
"783","Dodge","Challenger SRT Hellcat","2022","6.2","717","656","3.5","68000"
"784","Jaguar","F-Type","2022","2","296","295","5.4","63700"
"785","Lotus","Evora GT","2021","3.5","416","317","3.8","100000"
"786","Maserati","GranTurismo","2022","4.7","454","384","4.7","150980"
"787","Aston Martin","DBS Superleggera","2021","5.2","715","664","3.2","304995"
"788","Lotus","Evora GT","2021","3.5","416","317","3.8","98395"
"789","Porsche","Panamera Turbo S E-Hybrid","2021","4","689","642","3","190000"
"790","Lamborghini","Aventador SVJ","2021","6.5","759","531","2.8","517000"
"791","Ferrari","SF90 Stradale","2021","4","986","590","2.5","625000"
"792","Audi","RS7","2022","4","591","590","3.5","117000"
"793","Mercedes-Benz","S63 AMG","2021","4","603","664","3.4","168000"
"794","Chevrolet","Camaro ZL1","2021","6.2","650","650","3.5","64500"
"795","Ford","GT","2021","3.5","660","550","2.8","500000"
"796","Nissan","370Z Nismo","2021","3.7","350","276","4.7","46000"
"797","Porsche","718 Cayman GT4","2022","4","414","309","4.2","102000"
"798","Mercedes-AMG","C63 S Coupe","2021","4","503","516","3.7","77500"
"799","Aston Martin","Vantage","2021","4","503","505","3.5","147000"
"800","McLaren","570S","2021","3.8","562","443","3.1","193000"
"801","BMW","M5","2022","4.4","600","553","3.2","103500"
"802","Dodge","Challenger SRT Hellcat","2021","6.2","717","656","3.5","64000"
"803","Lexus","LC 500","2021","5","471","398","4.4","92950"
"804","Mercedes-AMG","GT 63 S","2021","4","630","664","3.1","162000"
"805","Audi","TT RS","2021","2.5","394","354","3.6","67600"
"806","Acura","NSX","2021","3.5","573","476","2.9","157500"
"807","Porsche","Cayman GT4","2021","4","414","309","4.2","102000"
"808","Lamborghini","Aventador S","2021","6.5","730","509","2.9","417826"
"809","Ferrari","SF90 Stradale","2021","4","986","590","2.5","625000"
"810","Audi","RS 5","2022","2.9","444","443","3.5","76700"
"811","McLaren","570S Spider","2020","3.8","562","443","3.1","208800"
"812","BMW","M2 Competition","2022","3","405","406","4.2","58900"
"813","Mercedes-Benz","C 63 AMG","2022","4","469","479","3.9","69000"
"814","Chevrolet","Camaro SS","2021","6.2","455","455","4","42000"
"815","Ford","Mustang GT","2022","5","460","420","4.5","43000"
"816","Dodge","Challenger R/T","2021","5.7","372","400","5.1","35000"
"817","Aston Martin","Vantage","2021","4","503","505","3.6","151000"
"818","Lotus","Evora GT","2021","3.5","416","317","3.8","105000"
"819","Alfa Romeo","4C Spider","2020","1.7","237","258","4.1","69000"
"820","Jaguar","F-Type","2022","2","296","295","5.4","62500"
"821","Tesla","Roadster","2022","Electric","1000","737","1.9","200000"
"822","Koenigsegg","Jesko","2022","5","1600","1106","2.5","3000000"
"823","Bugatti","Chiron Super Sport 300+","2021","8","1578","1180","2.4","5200000"
"824","Rimac","Nevera","2021","Electric","1914","1696","1.85","2400000"
"825","Porsche","Cayman GT4","2022","4","414","309","4.2","102100"
"826","Chevrolet","Camaro ZL1","2022","6.2","650","650","3.5","63000"
"827","Aston Martin","Vantage","2021","4","503","505","3.5","142086"
"828","Alfa Romeo","Giulia Quadrifoglio","2022","2.9","505","443","3.8","83250"
"829","Dodge","Challenger SRT Hellcat","2021","6.2","717","656","3.5","65000"
"830","Lexus","LC 500","2022","5","471","398","4.4","93050"
"831","Audi","RS 7 Sportback","2021","4","591","590","3.5","114000"
"832","BMW","M4 Competition","2022","3","503","479","3.8","74700"
"833","Mercedes-Benz","C63 S AMG","2022","4","503","516","3.9","77600"
"834","Ford","GT","2022","3.5","660","550","2.9","500000"
"835","McLaren","GT","2021","4","620","465","3.1","210000"
"836","Porsche","Panamera Turbo S","2022","4","630","604","2.9","181100"
"837","Lamborghini","Aventador S","2021","6.5","730","507","2.9","417826"
"838","Aston Martin","DBS Superleggera","2022","5.2","715","664","3.2","329100"
"839","Audi","TT RS","2022","2.5","394","354","3.6","67600"
"840","Mercedes-Benz","AMG C43 Coupe","2021","3","385","384","4.5","59900"
"841","BMW","i8","2022","1.5","369","184","4.2","147500"
"842","Chevrolet","Corvette Stingray","2021","6.2","490","465","2.9","59900"
"843","Porsche","Taycan","2022","2.0 (Electric)","469","263","3.8","81250"
"844","Lamborghini","Aventador","2021","6.5","730","509","2.9","517000"
"845","Ferrari","Roma","2021","3.9","611","560","3.3","222620"
"846","Audi","RS7","2022","4","591","590","3.5","115000"
"847","McLaren","GT","2021","4","612","465","3.1","210000"
"848","BMW","M2","2022","3","405","406","4.2","58900"
"849","Mercedes-Benz","C63 AMG","2021","4","469","479","3.9","77000"
"850","Chevrolet","Camaro SS","2021","6.2","455","455","4.1","43995"
"851","Ford","Mustang Mach 1","2021","5","480","420","4.1","51720"
"852","Nissan","370Z Nismo","2021","3.7","350","276","4.8","46610"
"853","Porsche","Panamera","2022","2.9","325","331","5.3","88550"
"854","Lamborghini","Urus","2021","4","641","627","3.6","218009"
"855","Ferrari","SF90 Stradale","2021","4.0 (Hybrid)","986","590","2.5","625000"
"856","Audi","RS6","2022","4","591","590","3.5","120000"
"857","McLaren","570S","2021","3.8","562","443","3.1","192500"
"858","BMW","M4","2022","3","503","479","3.8","74000"
"859","Mercedes-Benz","AMG A45","2021","2","382","354","4","50000"
"860","Chevrolet","Camaro ZL1","2021","6.2","650","650","3.5","63995"
"861","Acura","NSX","2021","3.5","573","476","2.7","157500"
"862","Aston Martin","Vantage","2021","4","503","505","3.5","142086"
"863","Bentley","Continental GT","2021","4","542","568","3.3","202500"
"864","Bugatti","Chiron","2022","8","1479","1180","2.4","2900000"
"865","Ferrari","F8 Tributo","2022","3.9","710","568","2.8","275000"
"866","Lamborghini","Aventador","2021","6.5","730","509","2.9","517000"
"867","McLaren","GT","2021","4","612","465","3.1","201500"
"868","Mercedes-Benz","AMG GT R","2021","4","577","516","3.5","183000"
"869","Porsche","Taycan Turbo S","2021","Electric","750","774","2.6","185000"
"870","Audi","RS7","2021","4","591","590","3.5","114000"
"871","BMW","M4","2021","3","473","406","4.1","71800"
"872","Chevrolet","Camaro ZL1","2021","6.2","650","650","3.5","63000"
"873","Dodge","Challenger SRT Hellcat Redeye","2022","6.2","797","707","3.5","80190"
"874","Ford","GT","2022","3.5","660","550","2.8","500000"
"875","Jaguar","F-Type","2021","3","380","339","4.4","62750"
"876","Lexus","LC 500","2021","5","471","398","4.4","92000"
"877","Lotus","Evija","2021","Electric","2000","1254","2.8","2800000"
"879","Nissan","370Z","2021","3.7","332","270","5","30090"
"880","Rolls-Royce","Ghost","2021","6.8","563","627","4.6","332500"
"881","Porsche","Taycan","2021","2","402","254","5.1","81250"
"882","Aston Martin","DB11","2021","4","630","516","3.7","198995"
"883","Lotus","Evora GT","2021","3.5","416","317","3.8","105000"
"884","Acura","NSX","2022","3.5","573","476","2.7","157500"
"885","Tesla","Roadster","2022","0","10000","7376","1.9","200000"
"886","Chevrolet","Camaro","2022","6.2","455","455","4","25000"
"887","Dodge","Charger","2021","6.2","797","707","3.3","72000"
"888","Jaguar","F-Type","2021","3","380","339","4.9","62750"
"889","Lexus","LC 500","2021","5","471","398","4.4","93000"
"890","BMW","M4","2022","3","473","406","4.1","71800"
"891","Ford","GT","2021","3.5","660","550","2.9","500000"
"892","Maserati","GranTurismo","2021","4.7","454","384","4.7","150980"
"893","McLaren","600LT","2021","3.8","592","457","2.8","256500"
"894","Mercedes-Benz","SLS AMG","2021","6.2","622","468","3.6","254995"
"895","Nissan","370Z","2021","3.7","332","270","5.2","30000"
"896","Audi","RS 7","2021","4","591","590","3.4","114000"
"897","Bentley","Continental GT","2021","4","542","568","3.9","220000"
"898","Bugatti","Chiron","2021","8","1500","1180","2.4","3000000"
"899","Porsche","Cayman","2022","2","300","280","4.5","59900"
"900","Aston Martin","Vantage","2021","4","503","505","3.5","147000"
"901","Alfa Romeo","4C Spider","2020","1.7","237","258","4.1","67150"
"902","Audi","RS 5","2022","2.9","444","443","3.5","75100"
"903","BMW","M2","2022","3","405","406","4","58900"
"904","Dodge","Challenger SRT Hellcat","2021","6.2","717","656","3.5","60695"
"905","Ferrari","F8 Spider","2022","3.9","710","568","2.9","274390"
"906","Jaguar","F-Type","2021","3","296","295","5.4","64700"
"907","Lamborghini","Aventador","2021","6.5","759","531","2.9","517770"
"908","Lexus","LC 500","2022","5","471","398","4.4","92950"
"909","Lotus","Evora GT","2021","3.5","416","317","3.8","99990"
"910","Maserati","GranTurismo","2021","4.7","454","384","4.7","150800"
"911","McLaren","GT","2021","4","612","465","3.1","210000"
"912","Mercedes-Benz","AMG C 63","2021","4","469","479","3.8","67600"
"913","Nissan","370Z Nismo","2021","3.7","350","276","4.5","45790"
"914","Porsche","Panamera","2022","2.9","325","331","5.3","88800"
"915","Subaru","WRX STI","2021","2.5","310","290","5.2","38170"
"917","Porsche","718 Cayman","2022","2","300","280","4.9","61500"
"918","Lamborghini","Aventador","2021","6.5","729","509","2.9","393695"
"919","Ferrari","SF90 Stradale","2022","4","986","590","2.5","625000"
"920","Audi","RS5 Coupe","2022","2.9","444","443","3.5","76350"
"921","McLaren","570S","2021","3.8","562","443","3.1","202000"
"922","BMW","M2","2022","3","405","406","4","58900"
"923","Mercedes-Benz","SL","2022","3","429","384","4.4","96000"
"924","Chevrolet","Camaro","2021","6.2","455","455","4","25000"
"925","Ford","GT","2022","3.5","660","550","2.8","500000"
"926","Nissan","370Z","2021","3.7","332","270","5.3","33000"
"927","Alfa Romeo","Giulia Quadrifoglio","2021","2.9","505","443","3.8","75250"
"928","Aston Martin","DB11","2022","4","630","516","3.7","201495"
"929","Bentley","Continental GT","2021","6","626","664","3.3","201000"
"930","Dodge","Challenger","2021","6.4","485","475","3.8","62000"
"931","Jaguar","F-Type R","2022","5","575","516","3.5","103200"
"932","Lexus","LC 500","2022","5","471","398","4.4","92950"
"933","Lotus","Evora GT","2021","3.5","416","317","3.8","99000"
"934","Maserati","GranTurismo","2021","4.7","454","384","4.7","150000"
"935","Porsche","Cayman GT4","2021","4","414","309","4.2","102500"
"936","Aston Martin","Vantage","2022","4","503","505","3.5","149995"
"937","Dodge","Charger SRT Hellcat","2022","6.2","717","650","3.5","78595"
"938","Audi","RS 7","2021","4","591","590","3.5","114000"
"939","Chevrolet","Camaro SS","2022","6.2","455","455","4.1","37500"
"940","Ford","Mustang GT","2022","5","460","420","4","38500"
"941","Jaguar","F-Type R","2022","5","575","516","3.5","103200"
"942","Lexus","LC 500","2022","5","471","398","4.4","92950"
"943","McLaren","570S","2021","3.8","562","443","3.1","208800"
"944","Mercedes-Benz","AMG C63","2022","4","469","479","3.8","71450"
"945","Nissan","370Z Nismo","2021","3.7","350","276","4.9","47820"
"946","Porsche","Panamera GTS","2021","4","473","457","3.9","134150"
"947","Audi","TT RS","2022","2.5","394","354","3.6","67600"
"948","BMW","M4","2021","3","473","406","3.8","71800"
"949","Ferrari","F8 Tributo","2021","3.9","710","568","2.8","274280"
"950","Lamborghini","Aventador","2021","6.5","770","531","2.9","393695"
"951","McLaren","GT","2021","4","612","465","3.1","250000"
"952","Mercedes-Benz","AMG GT 4-Door Coupe","2021","4","630","664","3.1","171200"
"953","Aston Martin","DBS Superleggera","2022","5.2","715","663","3.4","321000"
"954","Lotus","Evora GT","2021","3.5","416","317","3.8","100500"
"955","Porsche","Taycan Turbo S","2021","Electric","750","774","2.6","185000"
"956","McLaren","570S","2021","3.8","562","443","3.1","195000"
"957","Lamborghini","Aventador SVJ","2021","6.5","759","531","2.8","517770"
"958","Ford","GT","2021","3.5","660","550","3","500000"
"959","Audi","RS7 Sportback","2022","4","591","590","3.5","114000"
"960","BMW","M4","2022","3","473","406","4.1","72800"
"961","Mercedes-AMG","C63 S","2022","4","503","516","3.7","78100"
"962","Chevrolet","Camaro ZL1","2021","6.2","650","650","3.5","63000"
"963","Dodge","Charger Hellcat","2021","6.2","717","650","3.6","70000"
"964","Alfa Romeo","Giulia Quadrifoglio","2021","2.9","505","443","3.8","78450"
"965","Tesla","Model S Plaid","2022","Electric","1020","1050","1.9","141190"
"966","Ferrari","SF90 Stradale","2021","4","986","590","2.5","625000"
"967","Porsche","Panamera Turbo S E-Hybrid","2021","Hybrid","689","642","3","190000"
"968","McLaren","Artura","2022","3","671","531","3","225000"
"969","Lamborghini","Urus","2021","4","641","627","3.6","222000"
"970","Ford","Mustang Mach 1","2021","5","480","420","4","52915"
"971","Porsche","911","2022","3","379","331","4","101200"
"972","Lamborghini","Huracan","2021","5.2","630","443","2.8","274390"
"973","Ferrari","488 GTB","2022","3.9","661","561","3","333750"
"974","Audi","R8","2022","5.2","562","406","3.2","142700"
"975","McLaren","720S","2021","4","710","568","2.7","298000"
"976","BMW","M8","2022","4.4","617","553","3.1","130000"
"977","Mercedes-Benz","AMG GT","2021","4","523","494","3.8","118500"
"978","Chevrolet","Corvette","2021","6.2","490","465","2.8","59900"
"979","Ford","Mustang Shelby GT500","2022","5.2","760","625","3.5","81000"
"980","Nissan","GT-R Nismo","2021","3.8","600","481","2.5","212000"
"981","Dodge","Challenger SRT Hellcat","2021","6.2","717","656","3.5","64195"
"982","Aston Martin","Vantage","2021","4","503","505","3.6","147000"
"983","Bugatti","Chiron","2022","8","1500","1180","2.5","3900000"
"984","Koenigsegg","Jesko","2022","5","1280","1015","2.5","3000000"
"985","Pagani","Huayra","2021","6","764","740","2.8","2600000"
"986","Rimac","Nevera","2022","Electric","1914","1696","1.85","2400000"
"987","Lotus","Evija","2022","Electric","1973","1254","2.5","2000000"
"988","Pininfarina","Battista","2021","Electric","1872","1696","1.9","2500000"
"989","Maserati","MC20","2021","3","621","538","2.9","210000"
"990","Porsche","Cayman","2021","2","300","280","5.1","59900"
"991","Lamborghini","Aventador","2021","6.5","730","509","2.9","393695"
"992","Ferrari","SF90 Stradale","2021","4","986","590","2.5","625000"
"993","Audi","RS 5","2021","2.9","444","443","3.5","75100"
"994","McLaren","GT","2022","4","612","465","3.1","210000"
"995","BMW","M2","2021","3","405","406","4","58900"
"996","Mercedes-Benz","SLS AMG","2021","6.3","622","468","3.6","254500"
"997","Chevrolet","Camaro","2021","6.2","455","455","4","25000"
"998","Ford","Mustang","2021","2.3","310","350","5.3","27205"
"999","Nissan","370Z","2021","3.7","332","270","5.1","30090"
"1000","Aston Martin","Vantage","2021","4","503","505","3.6","146000"
"1001","Bugatti","Chiron","2021","8","1479","1180","2.4","3000000"
"1002","Koenigsegg","Jesko","2022","5","1280","1106","2.5","3000000"
"1003","Lotus","Evija","2021","Electric Motor","1972","1254","2","2000000"
"1004","McLaren","Senna","2021","4","789","590","2.7","1000000"
"1005","Pagani","Huayra","2021","6","764","738","3","2600000"
"1006","Rimac","Nevera","2021","Electric Motor","1888","1696","1.85","2400000"
